date,3_day_return_8,LSTM1_8,LSTM2_8,LSTM2_fs_8,ARIMA_8,Prophet_8
2019-01-01,0.5000000000000115,1.1264561000000002,2.3163095,1.4699113000000001,0.26158665420245386,-0.30394654413971417
2019-01-02,0.0,1.046462,1.2981669,1.4563030000000001,0.26158665420245386,-1.3960309609991546
2019-01-03,0.0,1.3807753,0.9681876,0.9265964,0.26158665420245386,-1.4980282660173023
2019-01-04,0.0,2.9076176,-1.8475816000000003,0.23011851,0.26158665420245386,-1.0847110896828316
2019-01-05,-0.4975124378109541,3.032016,-3.2959292000000002,-0.320416,0.26158665420245386,0.3099242517039229
2019-01-06,0.4975124378109319,1.8456736,-4.152278,-0.5453485,0.26158665420245386,0.08006034300479717
2019-01-08,0.0,1.8346467,-1.9357118999999998,-0.2724835,0.26158665420245386,-0.4861339718102921
2019-01-09,0.5000000000000115,1.8758831000000002,0.46704644,-0.14503214,0.2609572893894905,-1.4461185639062362
2019-01-10,-0.4950495049504844,2.1544125,-1.9066379,0.0834638,0.2609572893894905,-1.4140327481391604
2019-01-11,0.0,2.0530396,-2.5268931,0.020104333999999998,0.2609572893894905,-0.8679414725568069
2019-01-12,-0.4975124378109541,1.3318067,-4.1054235,-0.12149203,0.2609572893894905,0.6525299747764595
2019-01-13,0.4975124378109319,1.4006052,-4.353039,-0.28219740000000004,0.2609572893894905,0.5507944598697957
2019-01-15,0.0,1.1322091,-3.572162,-0.22524321,0.2609572893894905,0.19492917964981998
2019-01-16,0.5000000000000115,1.4767398999999999,0.36926892,-0.15609536,0.2609572893894905,-0.6680256270590306
2019-01-17,-0.4950495049504844,0.23690839,-1.0938283000000002,-0.03707987,0.2609596300490884,-0.5606945378082354
2019-01-18,0.0,1.0231898000000001,-0.06112444400000001,0.33090135,0.2609596300490884,0.04725487828430458
2019-01-19,-0.4975124378109541,0.7227412,-2.4036036,0.09306832,0.2609596300490884,1.6092397122847617
2019-01-20,0.0,1.5902996999999999,-1.6533016999999999,-0.33465025,0.2609596300490884,1.5289195153655886
2019-01-22,0.0,0.98478395,-2.2691998,-0.47901806,0.2609596300490884,1.09224753026914
2019-01-23,0.5000000000000115,0.7805883000000001,-0.5835117,-0.22282293,0.2609596300490884,0.1925198236724021
2019-01-24,0.0,-0.45598125,-2.6446507,-0.13855001,0.2609596300490884,0.2447319793439621
2019-01-25,0.0,1.210048,-2.456901,-0.0071160495,0.2604879929626529,0.7803296085303031
2019-01-26,-0.4975124378109541,1.6697353,-0.9513767,0.11891608,0.2604879929626529,2.2541981330732583
2019-01-27,0.0,0.41629790000000005,-1.4653431000000001,0.43993264,0.2604879929626529,2.0718801274626344
2019-01-29,0.0,0.7781873,-1.6111976000000001,0.4651088,0.2604879929626529,1.3869320840746222
2019-01-30,0.5000000000000115,2.2809854,-0.37313393,0.27669320000000003,0.2604879929626529,0.3572056470917185
2019-01-31,0.0,2.1857877,1.3406816000000001,0.0791136,0.2604879929626529,0.2792026749866323
2019-02-01,1.4925373134328181,0.48476732,-0.18239042,-0.14616534,0.2604879929626529,0.6826163091029515
2019-02-02,-0.4975124378109541,-0.64712363,-2.0942116000000004,0.031866074,0.2614277503235907,2.0299462217589004
2019-02-03,0.9950248756218859,-0.6748082,-3.4125714,-0.16641796,0.2614277503235907,1.7241211415913589
2019-02-04,-0.4901960784313598,0.4824278,-3.7651464999999997,0.02696614,0.2614277503235907,
2019-02-10,0.0,0.14317416,-0.67805266,0.090550646,0.2614277503235907,0.8550226234492737
2019-02-11,-0.4926108374384342,0.40592290000000003,-3.528107,0.27370432,0.2614277503235907,1.8162931059226004
2019-02-12,-0.985221674876846,2.6992578999999997,-1.0411693000000002,0.6085569000000001,0.2614277503235907,0.02105225739529504
2019-02-14,0.5000000000000115,4.5412935999999995,0.8670045,0.5699285,0.2614277503235907,-1.2195237978359257
2019-02-15,-0.4950495049504844,3.642433,-1.5649507,0.45631307,0.2602619779403234,-0.8374891314716196
2019-02-16,0.0,3.954564,-1.26589,-0.27011827,0.2602619779403234,0.5201606801017629
2019-02-17,0.9950248756218859,2.1763492,-5.2428517,-0.77818334,0.2602619779403234,0.2440736991478042
2019-02-18,0.0,1.7075973000000002,-3.9305498999999995,-0.9826741,0.2602619779403234,1.3354908644242651
2019-02-19,0.0,1.0673513000000001,-3.9201175999999998,-0.9438789000000001,0.2602619779403234,-0.4435600974721475
2019-02-22,-0.985221674876846,1.1905596,-4.9861835999999995,-0.48234037,0.2602619779403234,-1.0253779050525296
2019-02-23,0.0,2.2129588,-0.65952337,0.0038578063,0.2602619779403234,0.41968802953714185
2019-02-24,0.0,2.7172165,-1.4524943000000001,0.35107577,0.2604914517731612,0.2358786368763579
2019-02-26,0.0,5.040195,-1.9385808,0.28319144,0.2604914517731612,-0.3112420704155097
2019-02-27,-0.4975124378109541,3.6467946,-1.7052215,0.21102172,0.2604914517731612,-1.2693784507077257
2019-02-28,0.0,4.715606,-0.08010247,-0.05083379,0.2604914517731612,-1.2471205462682715
2019-03-01,0.0,2.1984,-0.7068875,-0.31809452,0.2604914517731612,-0.7241981824883941
2019-03-02,0.5000000000000115,1.8623444,-0.8064922,-0.20486116,0.2604914517731612,0.7613572640897863
2019-03-03,0.0,0.6434481,-0.17556193,-0.24424416,0.2604914517731612,0.6023374291219483
2019-03-05,0.0,2.1602085,-0.10174149,-0.49116847,0.2607220589224404,0.107548186396587
2019-03-06,0.0,1.5710075000000001,-2.5976498,-0.6428648,0.2607220589224404,-0.8494989741980933
2019-03-07,0.0,1.3142576000000001,-2.1067936,-0.39305893,0.2607220589224404,-0.8388974832249316
2019-03-08,0.0,2.5471182,1.0071722,0.14639597,0.2607220589224404,-0.3390746852396549
2019-03-09,-0.4975124378109541,3.0509253,0.36133796,0.42084622,0.2607220589224404,1.1154910056115468
2019-03-10,0.0,4.9141736,1.4759874,0.44903445,0.2607220589224404,0.9219053379357875
2019-03-12,0.0,1.0330154,-0.9792917,0.070094764,0.2607220589224404,0.30059014042570353
2019-03-13,1.5000000000000124,-0.6586573,-2.0493405,-0.26410559999999994,0.26048565230305504,-0.6952661192418226
2019-03-14,0.0,-1.4953046,-0.17210683,-0.027941793,0.26048565230305504,-0.7252049806485419
2019-03-15,0.0,-1.0814807,0.13085285,0.30494833,0.26048565230305504,-0.2636450894680817
2019-03-16,-0.985221674876846,-1.0058688,-0.92985797,0.8742825000000001,0.26048565230305504,1.151965492180114
2019-03-17,0.0,0.52081364,-0.8196093000000001,0.82732105,0.26048565230305504,0.9266736391162328
2019-03-19,0.0,1.042137,-0.6392349,0.46652573,0.26048565230305504,0.2574238882391791
2019-03-20,0.0,1.5180061000000002,-0.17123729,0.10568351,0.26048565230305504,-0.760313580672834
2019-03-21,0.0,1.5621271,-1.2065966000000001,-0.21890536,0.2609642767772556,-0.8158209517085253
2019-03-22,0.0,1.2690818000000001,-1.747034,-0.35056898,0.2609642767772556,-0.3709770028876012
2019-03-23,0.0,0.18152685,-1.665584,-0.23992619,0.2609642767772556,1.0309457804436228
2019-03-24,0.0,0.25322753,-1.7001028000000002,0.15954418,0.2609642767772556,0.7987818490284304
2019-03-26,0.0,0.04785108,-1.3105793,0.34295854,0.2609642767772556,0.1407806350724667
2019-03-27,0.0,-0.0020547588,-1.2442136000000001,0.6437409000000001,0.2609642767772556,-0.8785251909100755
2019-03-28,0.0,0.021076852000000004,-0.25068367,0.68348444,0.2609642767772556,-0.924833950896014
2019-03-29,0.0,0.2783498,-1.9985453999999998,0.273248,0.26072088277010513,-0.4734278246141203
2019-03-30,0.0,3.0577846,-1.7102182000000001,-0.32202008,0.26072088277010513,0.9387440389122188
2019-03-31,0.0,0.27794559999999996,-2.982739,-0.511508,0.26072088277010513,0.7129437448298593
2019-04-02,0.4975124378109319,0.54079944,-1.4313614,-0.19379589,0.26072088277010513,0.07437843645748171
2019-04-03,0.0,-1.4614437,-0.69035065,-0.025963336,0.26072088277010513,-0.9374903633673254
2019-04-04,0.0,-1.5160468999999999,-0.104708254,0.42447573,0.26072088277010513,-0.976743649238524
2019-04-07,-0.4950495049504844,-0.8052425,-0.80805314,0.44436395,0.26072088277010513,0.6767663149047671
2019-04-09,0.0,0.048491158,-2.507685,-0.10812694,0.2607220472773677,0.06774351275569865
2019-04-10,0.0,0.47450322,-2.7869672999999997,-0.5917182,0.2607220472773677,-0.9456597310211644
2019-04-11,0.0,0.08048087,-1.2261093,-0.7916565999999999,0.2607220472773677,-0.9842247246792841
2019-04-12,0.0,-0.08292892,-1.2828306,-0.54868245,0.2607220472773677,-0.5269916062376314
2019-04-13,0.0,0.2667053,-1.9206561999999998,-0.23486880000000002,0.2607220472773677,0.8974544226841626
2019-04-14,0.0,0.35410863,-1.9246168000000001,0.15041883,0.2607220472773677,0.6720422534651529
2019-04-16,0.0,0.15758,-1.587612,0.3651876,0.2607220472773677,0.02116872029498984
2019-04-17,0.0,1.1159983,0.28428358,0.014770821000000002,0.26072088277010513,-0.983614661449586
2019-04-18,-0.4975124378109541,0.54858327,-1.7038388,-0.46428266,0.26072088277010513,-1.0151170180677171
2019-04-19,0.0,0.56494045,-1.0446028,-0.7173767,0.26072088277010513,-0.5483086337304296
2019-04-20,0.0,-0.78008085,-1.8171556,-0.5999918000000001,0.26072088277010513,0.8804320354269536
2019-04-21,0.5000000000000115,-1.1483431999999998,-0.81976783,-0.30442652,0.26072088277010513,0.6714495323604951
2019-04-23,0.0,-0.77268785,-0.09072098,-0.19968414,0.26072088277010513,0.05440105598388817
2019-04-24,0.0,-0.19025993,-0.43454167,0.14921646,0.26072088277010513,-0.9354931061115476
2019-04-25,0.0,-0.06863206599999999,0.5850072,0.16781577,0.2607220589224404,-0.9529613021373337
2019-04-26,0.0,-0.80181044,2.1638203,0.26106054,0.2607220589224404,-0.4695063042924882
2019-04-27,0.0,-1.5715402,1.6181823,0.3283328,0.2607220589224404,0.9736384979822996
2019-04-28,-0.4975124378109541,-0.13577421,0.5242715,0.5624647,0.2607220589224404,0.7794354404355399
2019-04-30,0.0,-0.09850311,-1.3583442,0.59291697,0.2607220589224404,0.2039990465027849
2019-05-01,0.0,0.33266175,-2.5870433,0.24516179999999999,0.2607220589224404,-0.7795316558513521
2019-05-02,0.5000000000000115,3.1710248,-1.1254781,-0.022752612999999998,0.2607220589224404,-0.7911539663440539
2019-05-03,-0.4975124378109541,0.9549038000000001,-2.1810725,-0.16481659,0.2607220589224404,-0.3075655130817877
2019-05-04,0.0,0.70342916,0.75828886,-0.12282199,0.2607220589224404,1.1347553639916599
2019-05-05,0.0,0.49894318,-0.024507761,0.13178504,0.2607220589224404,0.9312586674281088
2019-05-07,0.5000000000000115,-0.106413856,1.0092534,0.109798156,0.2607220589224404,0.3166279292475479
2019-05-08,-0.4975124378109541,-0.45647717,0.40960230000000003,0.031161413,0.2607220589224404,-0.6833917890051542
2019-05-09,0.0,-1.1322548000000001,-2.3618734,-0.42611279999999996,0.2607220589224404,-0.7145309962323643
2019-05-10,0.0,0.26387244,-2.9008486,-0.6212137,0.2607220589224404,-0.2576460752685945
2019-05-11,1.0000000000000009,-0.06907464,-2.6356268,-0.61410344,0.2604869923254045,1.159226663554058
2019-05-12,0.0,-0.36474234,-1.9019575,-0.27252027,0.2604869923254045,0.930171087249771
2019-05-14,-0.4975124378109541,-0.18519878,-1.268435,0.14391774,0.2604869923254045,0.2673683189886587
2019-05-15,-0.4950495049504844,-0.6312809,-2.6968377,0.17720485,0.2604869923254045,-0.7636894748020171
2019-05-17,1.4925373134328181,-0.045260977,-3.7673016,0.17678916,0.2604869923254045,-0.3855085186616375
2019-05-18,0.5000000000000115,-0.51542026,-1.9231585999999998,-0.104080856,0.2604869923254045,1.0120382778091497
2019-05-19,0.0,-1.8477792000000002,-0.70274055,-0.15672305,0.2604869923254045,0.76262080425588
2019-05-21,-1.4705882352941009,-1.2255749,-0.050895035,-0.13926896,0.26166649760257393,0.0756416342928678
2019-05-22,-0.4975124378109541,-0.5353254,2.4191412999999997,-0.15356913,0.26166649760257393,-0.953970096538742
2019-05-23,0.0,0.71750975,1.6568397000000001,-0.13333786,0.26166649760257393,-1.0111004083852646
2019-05-24,0.0,2.1547495999999997,1.4291468999999999,-0.13836804,0.26166649760257393,-0.5613279259944051
2019-05-25,0.5000000000000115,1.623679,-0.35891786,0.13883664,0.26166649760257393,0.8420204048385834
2019-05-26,0.0,-0.07650382,-0.49624297,0.019437745,0.26166649760257393,0.6124301449394989
2019-05-28,0.0,-0.06980986,-2.6693723,0.3423112,0.26166649760257393,-0.03917504324064491
2019-05-29,-0.4975124378109541,1.1454166000000001,-0.8568621999999999,0.18541339,0.2600267453360129,-1.0366321203781796
2019-05-30,-0.4975124378109541,0.29443645,1.086609,0.16687626,0.2600267453360129,-1.059166213774019
2019-05-31,0.0,-0.059310623,1.1481559,0.045311242,0.2600267453360129,-0.5820546042711944
2019-06-01,0.5000000000000115,-0.48453516,0.8042358000000001,-0.07371113,0.2600267453360129,0.8602836795877615
2019-06-02,0.5000000000000115,-1.4863245,-0.31863597,-0.15981746,0.2600267453360129,0.6641333548866508
2019-06-04,0.0,-1.5843118,-1.6413054,-0.20606008,0.2600267453360129,0.0976383560059744
2019-06-05,0.0,-0.93665296,-0.9152254999999999,-0.08324388,0.2600267453360129,-0.8798175863733426
2019-06-06,0.0,-0.6137359,-1.6250908000000002,0.051391557000000004,0.26072323507477563,-0.8837932720016575
2019-06-07,0.0,-0.31267297,0.46035420000000005,0.19496705,0.26072323507477563,-0.39038184540810056
2019-06-08,0.0,-0.12235711,-0.7667843000000001,0.14768463,0.26072323507477563,1.0614778255631367
2019-06-12,0.0,-0.69446397,-3.5019273999999996,-0.003080383,0.26072323507477563,-0.7145984556846745
2019-06-13,-0.4975124378109541,0.68842655,-3.1626227000000005,0.044860616,0.26072323507477563,-0.740429828138395
2019-06-14,0.0,0.25279218,-0.058555007,-0.30586144,0.26072323507477563,-0.2756811926616243
2019-06-15,0.0,2.5718565,2.132775,-0.47940829999999995,0.26072323507477563,1.142812179395572
2019-06-16,0.5000000000000115,0.38702607,1.1401205,-0.38273486,0.26048565230305504,
2019-06-18,0.0,0.25343797,1.4716436000000002,-0.12713301,0.26048565230305504,0.22807659360710544
2019-06-19,0.0,-0.4596983,1.7231305000000001,0.22577585,0.26048565230305504,-0.8056791081485781
2019-06-20,0.0,-0.84145397,1.338044,0.338794,0.26048565230305504,-0.8729052333092032
2019-06-21,0.0,-0.65443563,-1.1951556,0.5799706,0.26048565230305504,-0.44479026414612055
2019-06-22,0.0,-0.59348977,-1.3036842,0.17461970000000002,0.26048565230305504,0.9388150434171452
2019-06-23,0.0,-0.13424481,-1.1697537,-0.08828732,0.26048565230305504,0.6817893099985022
2019-06-25,0.0,0.20041373,0.4723637,-0.22760212,0.2609572893894905,-0.032850636399669016
2019-06-26,0.0,-0.21540822,0.3861432,-0.21122998,0.2609572893894905,-1.0779671779899702
2019-06-27,0.0,-0.77646875,-0.35707262,-0.25549465,0.2609572893894905,-1.1482420232046393
2019-06-28,0.0,-1.5254368999999999,0.63510585,-0.35251287,0.2609572893894905,-0.7176356829723645
2019-06-29,0.0,-1.5857803,1.7990049,-0.36726279999999994,0.2609572893894905,0.6783839450744056
2019-06-30,0.0,-1.0851941999999999,1.3269653000000001,-0.426663,0.2609572893894905,0.4404094720940527
2019-07-02,-0.4975124378109541,-1.2852767,0.98259544,-0.3697777,0.2609572893894905,-0.188746083261528
2019-07-03,0.0,0.19025634,0.067121014,-0.34696284,0.26048565230305504,-1.1913345323429652
2019-07-04,0.0,0.43614283,-1.6293594,-0.10981157400000001,0.26048565230305504,-1.2134560247759731
2019-07-05,0.5000000000000115,-0.07500747599999999,0.24760700000000002,0.20313420000000001,0.26048565230305504,-0.7301750728829939
2019-07-06,0.0,-0.7250598,1.0435299,0.33826809999999996,0.26048565230305504,0.7217277957856941
2019-07-07,0.0,-1.0896976999999999,-1.6479603999999999,0.49581036,0.26048565230305504,0.5414765575372508
2019-07-09,0.0,-1.1546167999999999,-1.9734359000000001,0.5478203,0.26048565230305504,0.007964128552464644
2019-07-10,0.0,-2.403675,-2.5252112999999996,0.5237001,0.26048565230305504,-0.9381877109950416
2019-07-11,0.0,-1.5594598,-1.6079975,0.5507479999999999,0.2609572893894905,-0.9099025228332821
2019-07-12,-0.4975124378109541,-0.42477295,-1.2840661,0.5701069000000001,0.2609572893894905,-0.3808161318625354
2019-07-13,0.0,-0.82205456,-1.3930175,0.76820314,0.2609572893894905,1.1065121760448875
2019-07-14,0.0,-2.5094127999999998,-1.5621661,0.7135688,0.2609572893894905,0.9555428082056424
2019-07-16,0.5000000000000115,-2.5633974,-0.75893116,0.5295794,0.2609572893894905,0.4279742488087892
2019-07-17,0.0,-1.8689145,-3.5390023999999998,0.3684118,0.2609572893894905,-0.5190129056762767
2019-07-18,0.0,-1.1244459999999998,-2.6417479999999998,-0.13545212,0.2609572893894905,-0.5003725872144449
2019-07-19,0.0,-1.0055032,-0.2644249,-0.7485931,0.2607220589224404,0.005959083461775372
2019-07-20,0.0,-1.3021065,-0.06481922,-0.8893465,0.2607220589224404,1.4663014344204426
2019-07-21,0.0,-1.6774304,0.84557927,-0.47452852,0.2607220589224404,1.2758902120906577
2019-07-23,0.0,-1.2070328000000001,0.10855463,-0.10951966,0.2607220589224404,0.6516214641341691
2019-07-24,0.0,-0.07498902,-1.2448105,0.3479609,0.2607220589224404,-0.3605605600271543
2019-07-25,0.0,-0.7144675,-0.10620633,0.7731004,0.2607220589224404,-0.408975141016229
2019-07-26,-0.4975124378109541,-0.9885309999999999,0.7721573,0.7559993,0.2607220589224404,0.02951764867721393
2019-07-27,0.0,-1.0348198,-1.3981618,0.41792285,0.26048565230305504,1.4193488268910674
2019-07-28,0.0,0.8643719999999999,-1.1509207000000001,0.099320754,0.26048565230305504,1.1579444779052346
2019-07-30,0.5000000000000115,-0.43830392,-0.69157696,-0.024529785,0.26048565230305504,0.3905631449731706
2019-07-31,0.0,0.44789007,-0.9631884000000001,-0.02006352,0.26048565230305504,-0.6780401653765737
2019-08-01,0.0,0.8592915000000001,0.6415055000000001,0.32692550000000004,0.26048565230305504,-0.7780027399696946
2019-08-02,-0.4975124378109541,-0.53212535,1.5786192,0.53682524,0.26048565230305504,-0.3845579098857123
2019-08-03,0.0,-0.7887805,1.712998,0.55459684,0.26048565230305504,0.9716134476254435
2019-08-04,0.0,-0.408938,2.1576579,0.33127254,0.2607220589224404,0.6870017125426611
2019-08-06,1.0000000000000009,-0.56668717,0.05343783,-0.13290384,0.2607220589224404,-0.03927352335202322
2019-08-07,-0.4975124378109541,-0.2543198,-0.35001877,-0.42894570000000004,0.2607220589224404,-1.101701048265835
2019-08-08,0.0,-0.98160654,-0.3465121,-0.70861423,0.2607220589224404,-1.1838715063574856
2019-08-09,-0.4950495049504844,-0.53165317,-1.625604,-1.1376226,0.2607220589224404,-0.7626633759791352
2019-08-10,0.0,3.9035241999999997,-4.047343,-1.2115684,0.2607220589224404,0.6305757037085089
2019-08-11,0.0,0.7134627,-1.2448268,-0.8037616,0.2607220589224404,0.3908219745460721
2019-08-13,0.0,2.0193763,0.8872341999999999,-0.12950128,0.2607243921497803,-0.2318274813929952
2019-08-14,0.5000000000000115,-1.4652717,-2.0315309,0.19694108,0.2607243921497803,-1.2356661163965537
2019-08-15,0.4975124378109319,-1.8922698,0.03930822,0.44758797,0.2607243921497803,-1.2534200217159095
2019-08-18,0.0,2.5493705,0.33142844,0.8549359000000001,0.2607243921497803,0.5028333082355597
2019-08-20,0.4975124378109319,-2.7024142999999996,-0.34088716,0.84995615,0.2607243921497803,-0.01658611093177909
2019-08-21,-0.4950495049504844,-2.194313,0.73486066,0.5970810000000001,0.2607243921497803,-0.9733493407856056
2019-08-22,0.0,-2.2617152000000003,-0.10663301,0.14886798,0.2607243921497803,-0.9607299482106779
2019-08-23,-0.4950495049504844,-1.9670887,-0.38045385,0.1412524,0.2611936843638032,-0.4571609328409581
2019-08-24,0.0,-1.3797246,-1.6083205,-0.052253425,0.2611936843638032,1.010241152224368
2019-08-25,0.0,0.47129133,-0.865188,-0.5343169,0.2611936843638032,0.8292270557478435
2019-08-27,0.0,0.9431455,-0.099084675,-0.1812934,0.2611936843638032,0.2347858687653252
2019-08-28,0.0,-0.20823996,-0.08813444,0.15728013,0.2611936843638032,-0.751644223617437
2019-08-29,-0.4975124378109541,-0.8267110999999999,-2.0787978,0.4177825,0.2611936843638032,-0.7697578192492207
2019-08-30,-0.4975124378109541,-0.93480605,-0.9303744,0.6117047,0.2611936843638032,-0.3022728450279259
2019-08-31,0.0,-1.375824,1.211598,1.0176399999999999,0.26001635587621746,1.1197383327166393
2019-09-01,1.0000000000000009,-1.2198582,0.35999817,1.0447127,0.26001635587621746,0.8922279003250626
2019-09-03,1.0000000000000009,-0.8834661,0.5754411,0.5381057,0.26001635587621746,0.2148554077883829
2019-09-04,0.0,-0.14021468,-1.124667,0.1906398,0.26001635587621746,-0.8208515628514863
2019-09-05,-0.4950495049504844,-3.0606012000000002,-0.98605704,0.07595833,0.26001635587621746,-0.8913905460367846
2019-09-06,-0.4950495049504844,-2.0435553,-0.21545321,-0.24008703,0.26001635587621746,-0.4681411654218503
2019-09-07,0.0,-0.7145316999999999,-0.97075725,-0.6293956999999999,0.26001635587621746,0.9136578303887164
2019-09-08,0.4975124378109319,0.9648299000000001,0.030461565,-0.20638952,0.26119837732807155,0.6554774442233584
2019-09-10,0.0,0.18909682,0.30580458,0.020570308,0.26119837732807155,-0.056288104612371104
2019-09-11,0.0,0.20218024,-0.34505764,0.43494612,0.26119837732807155,-1.1038505566798564
2019-09-12,-0.4950495049504844,-0.028979203,-0.5226978,0.8938396000000001,0.26119837732807155,-1.1741167786721922
2019-09-13,0.0,0.22451413,-0.69270015,1.0217911,0.26119837732807155,-0.741267204929305
2019-09-14,0.0,0.7173632,0.016330168,0.7837833000000001,0.26119837732807155,0.6590721211646884
2019-09-18,0.0,0.67215705,-0.33095297,0.10542479,0.26119837732807155,-1.1889206411923856
2019-09-19,0.0,-0.49158240000000003,-0.30481127,-0.08848563,0.2607222154665181,-1.2062384731031754
2019-09-20,0.0,0.05007579,-1.2946739999999999,-0.25183710000000004,0.2607222154665181,-0.7159747941811766
2019-09-21,0.0,-0.35408702,-0.4526715,-0.41336647,0.2607222154665181,0.7403871093555587
2019-09-22,0.0,-0.5635704,1.2216979,-0.77619076,0.2607222154665181,
2019-09-24,0.0,0.23389949999999998,-0.22156936,-0.77457273,0.2607222154665181,0.03607681141414568
2019-09-25,0.0,0.22964379,0.17224437,-0.24087799,0.2607222154665181,-0.9142421157868788
2019-09-26,0.0,-0.43853626,-2.3734186,0.39700013,0.2607222154665181,-0.8917510347543169
2019-09-27,0.0,-0.22970557,-1.6173383999999997,0.9279071,0.26072088277010513,-0.3722905301510973
2019-09-28,0.0,0.22196366,-1.8079581000000002,1.2337688999999998,0.26072088277010513,1.1061138483635249
2019-09-29,0.0,-0.6520225000000001,-2.9397328,1.1282288,0.26072088277010513,0.9414976305730192
2019-10-01,0.0,1.8649886000000002,-2.6290352,0.43191403,0.26072088277010513,0.3851589056810958
2019-10-02,0.0,1.8135375,-2.1039336,-0.19509768,0.26072088277010513,-0.5810211586614134
2019-10-03,0.0,1.1833253000000001,-0.4033049,-0.28741834,0.26072088277010513,-0.5829828828926701
2019-10-04,0.0,0.6999114000000001,1.1018625,-0.25971466,0.26072088277010513,-0.0964108781795488
2019-10-05,0.0,0.20097712,1.1584722,-0.21356243,0.26072088277010513,1.3414437160754271
2019-10-06,0.0,0.04057843,-0.58692527,-0.0069027245,0.26072088277010513,1.1305985555002596
2019-10-08,0.0,-0.48279288,1.6570900000000002,0.2824454,0.26072088277010513,0.4670633736586162
2019-10-09,-0.4975124378109541,-0.47377905,-0.20404828,0.4457022,0.26072088277010513,-0.5563567612435982
2019-10-10,0.0,-0.83460474,-0.6081228,0.31320190000000003,0.26072088277010513,-0.6150418358786257
2019-10-11,0.0,-0.28748490000000004,-1.6087841999999999,0.12231924400000001,0.26072088277010513,-0.18327471662253625
2019-10-12,0.5000000000000115,-0.6844018,-1.8404421999999998,-0.098778665,0.26072088277010513,1.2034752482969335
2019-10-13,0.0,-0.6980674,-0.9599264999999999,-0.2681199,0.2607220589224404,0.9450657931424225
2019-10-15,0.0,-0.68699205,-0.59381366,-0.12099168,0.2607220589224404,0.21508671131089527
2019-10-16,0.0,-0.37994036,-0.48276505,0.29027146,0.2607220589224404,-0.8369318505382837
2019-10-18,0.0,0.31602916,-0.87805605,0.6820682,0.2607220589224404,-0.4930075458399705
2019-10-19,0.0,0.75486726,-0.5714431,0.799219,0.2607220589224404,0.8921903304415474
2019-10-20,0.0,0.80306035,0.66126233,0.8124039000000001,0.2607220589224404,0.6398718446547887
2019-10-22,0.0,2.1779273,2.125978,0.49016935,0.2607220589224404,-0.03744860834366298
2019-10-23,0.0,2.944546,0.2846336,-0.14958462,0.26072088277010513,-1.0591480947397829
2019-10-24,0.0,2.6128737999999996,1.4441656,-0.48162922,0.26072088277010513,-1.1039565650449368
2019-10-25,0.0,0.46928403,1.0681631999999999,-0.38719591,0.26072088277010513,-0.6399272506734024
2019-10-26,0.0,-0.13920549,-0.5489805,-0.03593552,0.26072088277010513,0.7885921459103559
2019-10-27,0.0,0.24698772,-1.9884217,0.3709336,0.26072088277010513,0.5821454299256679
2019-10-29,0.0,0.41900942,-0.64960825,0.6126326999999999,0.26072088277010513,0.002144979049436585
2019-10-30,0.0,1.0829095,0.59086835,0.6240359999999999,0.26072088277010513,-0.9780513772357392
2019-10-31,0.0,0.6183803000000001,-0.4034606,0.37622556,0.26072088277010513,-0.9856712807059892
2019-11-01,0.0,1.6280333,-2.618401,0.15643968,0.26072088277010513,-0.4968487030397689
2019-11-02,-0.4975124378109541,0.24569693,-3.2501595,0.07794730000000001,0.26072088277010513,0.9496989514640888
2019-11-03,0.0,-0.07538551,-2.2751753,0.04434575,0.26072088277010513,0.7573166198703591
2019-11-05,0.0,-0.3247427,-1.979084,0.067912415,0.26072088277010513,0.1598552913323127
2019-11-06,0.5000000000000115,-0.12635799,-1.6936383999999998,-0.19587213,0.26072088277010513,-0.8325758771900588
2019-11-07,0.0,-1.0002364,-3.0916011,-0.48050943,0.26072088277010513,-0.8592762422626283
2019-11-08,-0.4975124378109541,0.09013909,-2.4845617,-0.59162974,0.2607220589224404,-0.3962625192546847
2019-11-09,0.0,0.07738008,-2.0045164,-0.21064425,0.2607220589224404,1.0181058629898536
2019-11-10,0.0,0.2754101,-1.4989339,0.3798553,0.2607220589224404,0.7870697140216225
2019-11-12,0.5000000000000115,-0.28694662,-0.82949984,0.578545,0.2607220589224404,0.0986835933531348
2019-11-13,0.0,-1.8061986,0.38777018,0.64622575,0.2607220589224404,-0.9396676187665236
2019-11-15,-0.4975124378109541,-1.7454330000000002,-0.13066536,0.54222214,0.2607220589224404,-0.6025537346635289
2019-11-16,0.0,-0.100522555,-2.1758451,0.32412824,0.2607220589224404,0.7692230304684388
2019-11-17,0.0,-1.7493759999999998,-3.1845033,-0.036165446000000004,0.2604869923254045,0.5000350354763567
2019-11-19,0.5000000000000115,-1.1342998,-1.3622766000000002,-0.104653805,0.2604869923254045,-0.2300622732667312
2019-11-20,0.0,0.11292782,-2.023384,0.23062229,0.2604869923254045,-1.283728360250998
2019-11-21,0.0,-0.25127205,-2.4112093,0.43462290000000003,0.2604869923254045,-1.3631932168052745
2019-11-22,-0.4975124378109541,0.09264604,-1.5617806,0.5355656,0.2604869923254045,-0.9357931904212864
2019-11-23,0.0,0.43045574,-0.14070594,0.5025736,0.2604869923254045,0.45843334147607
2019-11-24,0.0,1.7792926,-0.44553182,0.37975267,0.2604869923254045,0.2225838511628198
2019-11-26,1.0000000000000009,1.467837,-0.111855745,0.21300544,0.2607220589224404,-0.3675395727088476
2019-11-27,0.0,0.14316797,-0.8214636999999999,0.36894357,0.2607220589224404,-1.3578807990733066
2019-11-28,0.0,1.0717202,-1.7622918,0.74818397,0.2607220589224404,-1.3636371708656476
2019-11-29,-0.990099009900991,0.22711265,-1.6376715,1.1050175,0.2607220589224404,-0.8622137466533171
2019-11-30,0.0,1.454008,-1.6640773999999998,1.1584185,0.2607220589224404,0.6136349040710629
2019-12-01,0.0,2.2732167000000003,-1.1723245,0.79171884,0.2607220589224404,0.4610965820963443
2019-12-03,0.5000000000000115,2.575186,2.209361,0.21252325,0.2607220589224404,0.011272743693115041
2019-12-04,0.0,0.5905129,0.70950687,0.055827677,0.26096197070868626,-0.9024981951485076
2019-12-05,0.0,0.053086564,-1.7771130000000002,0.33154666,0.26096197070868626,-0.836218203137405
2019-12-06,0.0,2.3027928,1.2066957,0.87990427,0.26096197070868626,-0.2723545928427174
2019-12-07,0.0,1.2384065,4.2052875,1.3086911,0.26096197070868626,1.258888553215484
2019-12-08,0.0,0.8159156999999999,1.1754655,1.6067417,0.26096197070868626,1.1463103715912857
2019-12-10,0.0,0.18669121,2.0853639999999998,1.2856816999999998,0.26096197070868626,0.6807419207204172
2019-12-11,0.0,2.2093163,5.7869587,0.33293459999999997,0.26096197070868626,-0.2352868693268876
2019-12-12,0.0,0.24765117,5.686675,-0.19900638,0.26072088277010513,-0.18911328036605146
2019-12-13,0.0,0.22146818,0.8086109,0.006012111999999999,0.26072088277010513,0.3409860244920193
2019-12-14,0.0,2.1753016,-0.39942715,0.5656724,0.26072088277010513,1.816436400176444
2019-12-15,0.0,1.7921043999999997,1.5997654,0.9877961999999999,0.26072088277010513,1.6370184898641151
2019-12-17,0.0,1.6859336999999999,1.8146092,1.1236928,0.26072088277010513,0.9941277219888977
2019-12-18,0.0,1.9257662,0.8177538000000001,0.7265081999999999,0.26072088277010513,-0.02308550965020589
2019-12-19,0.0,0.5676746,-1.3149838,0.178269,0.26072088277010513,-0.08649628698642439
2019-12-20,0.0,1.0803186000000002,-0.74459517,-0.06250781,0.26072088277010513,0.329239034109605
2019-12-21,-0.4975124378109541,1.3844517,-1.047391,-0.032683223,0.26072088277010513,1.6881831707069241
2019-12-22,0.0,1.8425584,0.089746505,-0.052279413,0.26072088277010513,1.3924470197607364
2019-12-24,0.0,2.4558766,0.7768364000000001,-0.36831942,0.26072088277010513,0.5360161027952433
2019-12-25,0.0,2.7837520000000002,1.5107738000000002,-0.37039778,0.26072088277010513,-0.5820792127493345
2019-12-26,-0.4975124378109541,2.3349319,-0.9922484,-0.50881577,0.26072088277010513,-0.7347770647012831
2019-12-27,5.970149253731337,1.8741609000000001,-1.445671,-0.39474929999999997,0.26072088277010513,-0.3945028677444372
2019-12-28,0.5000000000000115,-1.191915,-1.323389,0.14123088,0.2630732697112788,0.9034207850990088
2019-12-29,0.5000000000000115,-0.99597013,-1.0637996,0.474131,0.2630732697112788,0.5662929602693161
